Instance,Implementation,GraphType,k,Threads,NumSeeds,Runtime_Mean,Runtime_Median,Runtime_Std
amazon,kadabra-cpp,undirected,0,1,4,11.344125,11.260493,0.544733
amazon,kadabra-cpp,undirected,0,16,4,5.380998,5.356246,0.084584
amazon,kadabra-cpp,undirected,0,24,4,7.254912,7.225507,0.134675
amazon,kadabra-cpp,undirected,0,32,4,9.315671,9.322604,0.148138
amazon,kadabra-cpp,undirected,0,4,4,3.900962,3.845347,0.149926
amazon,kadabra-cpp,undirected,0,48,4,13.475018,13.494759,0.071739
amazon,kadabra-cpp,undirected,0,8,4,3.750895,3.734351,0.088982
amazon,kadabra-cpp,undirected,10,1,4,11.406287,11.259417,0.404604
amazon,kadabra-cpp,undirected,10,16,4,5.421610,5.399880,0.074330
amazon,kadabra-cpp,undirected,10,24,4,7.314201,7.339071,0.098012
amazon,kadabra-cpp,undirected,10,32,4,9.358164,9.312412,0.141768
amazon,kadabra-cpp,undirected,10,4,4,3.909571,3.847593,0.160980
amazon,kadabra-cpp,undirected,10,48,4,13.479570,13.484929,0.096920
amazon,kadabra-cpp,undirected,10,8,4,3.787943,3.759630,0.106375
amazon,kadabra-cpp,undirected,100,1,4,11.361764,11.176163,0.494872
amazon,kadabra-cpp,undirected,100,16,4,5.454367,5.446880,0.071513
amazon,kadabra-cpp,undirected,100,24,4,7.391376,7.420183,0.117704
amazon,kadabra-cpp,undirected,100,32,4,9.338710,9.354173,0.065118
amazon,kadabra-cpp,undirected,100,4,4,3.913503,3.868641,0.153437
amazon,kadabra-cpp,undirected,100,48,4,13.514681,13.532435,0.101082
amazon,kadabra-cpp,undirected,100,8,4,3.768392,3.766507,0.059536
amazon,kadabra-julia,undirected,0,1,4,19.495836,20.011042,1.536067
amazon,kadabra-julia,undirected,0,16,4,6.050734,5.999732,0.312473
amazon,kadabra-julia,undirected,0,24,4,7.042302,6.951935,0.256351
amazon,kadabra-julia,undirected,0,32,4,7.314313,7.179808,0.457069
amazon,kadabra-julia,undirected,0,4,4,7.503712,7.510814,0.301763
amazon,kadabra-julia,undirected,0,48,4,9.530955,9.533493,0.142583
amazon,kadabra-julia,undirected,0,8,4,6.275312,6.244285,0.509799
amazon,kadabra-julia,undirected,10,1,4,15.976454,15.572770,1.155089
amazon,kadabra-julia,undirected,10,16,4,5.800840,5.796832,0.075195
amazon,kadabra-julia,undirected,10,24,4,6.743505,6.810129,0.233725
amazon,kadabra-julia,undirected,10,32,4,7.032610,7.036275,0.086680
amazon,kadabra-julia,undirected,10,4,4,7.198823,7.083964,0.326393
amazon,kadabra-julia,undirected,10,48,4,9.512413,9.463700,0.171040
amazon,kadabra-julia,undirected,10,8,4,5.984152,5.963521,0.183059
amazon,kadabra-julia,undirected,100,1,4,15.961202,15.516613,1.144580
amazon,kadabra-julia,undirected,100,16,4,5.743139,5.713473,0.202417
amazon,kadabra-julia,undirected,100,24,4,6.880345,6.954001,0.184705
amazon,kadabra-julia,undirected,100,32,4,7.082148,7.091139,0.089255
amazon,kadabra-julia,undirected,100,4,4,7.128227,7.020004,0.322728
amazon,kadabra-julia,undirected,100,48,4,9.513358,9.488654,0.082662
amazon,kadabra-julia,undirected,100,8,4,5.910639,5.885223,0.215825
cit-Patents,kadabra-cpp,undirected,0,1,4,54.946595,54.673481,3.430493
cit-Patents,kadabra-cpp,undirected,0,16,4,12.585452,12.578552,0.043735
cit-Patents,kadabra-cpp,undirected,0,24,4,14.709085,14.701540,0.046654
cit-Patents,kadabra-cpp,undirected,0,32,4,17.703971,17.683576,0.049975
cit-Patents,kadabra-cpp,undirected,0,4,4,18.380441,18.307896,0.709155
cit-Patents,kadabra-cpp,undirected,0,48,4,26.005328,25.998507,0.079662
cit-Patents,kadabra-cpp,undirected,0,8,4,12.644049,12.651004,0.132435
cit-Patents,kadabra-cpp,undirected,10,1,4,54.659385,54.555057,2.446122
cit-Patents,kadabra-cpp,undirected,10,16,4,12.632276,12.626772,0.070562
cit-Patents,kadabra-cpp,undirected,10,24,4,14.845047,14.853791,0.046454
cit-Patents,kadabra-cpp,undirected,10,32,4,17.731996,17.737176,0.080354
cit-Patents,kadabra-cpp,undirected,10,4,4,18.294406,17.581783,1.551906
cit-Patents,kadabra-cpp,undirected,10,48,4,26.060150,26.056333,0.087357
cit-Patents,kadabra-cpp,undirected,10,8,4,12.690235,12.681336,0.150475
cit-Patents,kadabra-cpp,undirected,100,1,4,54.715450,54.679560,2.336472
cit-Patents,kadabra-cpp,undirected,100,16,4,12.702501,12.697682,0.105935
cit-Patents,kadabra-cpp,undirected,100,24,4,14.804362,14.818072,0.112297
cit-Patents,kadabra-cpp,undirected,100,32,4,17.731407,17.749762,0.101891
cit-Patents,kadabra-cpp,undirected,100,4,4,18.622106,18.283350,1.154006
cit-Patents,kadabra-cpp,undirected,100,48,4,26.072796,26.060497,0.066219
cit-Patents,kadabra-cpp,undirected,100,8,4,12.609371,12.653062,0.264744
cit-Patents,kadabra-julia,undirected,0,1,4,52.780525,51.438970,5.052233
cit-Patents,kadabra-julia,undirected,0,16,4,19.082886,18.721869,1.228725
cit-Patents,kadabra-julia,undirected,0,24,4,19.386421,19.265986,0.542784
cit-Patents,kadabra-julia,undirected,0,32,4,25.366520,25.356525,0.319823
cit-Patents,kadabra-julia,undirected,0,4,4,22.533863,21.952752,1.199227
cit-Patents,kadabra-julia,undirected,0,48,4,49.857675,50.003245,0.408438
cit-Patents,kadabra-julia,undirected,0,8,4,18.770408,18.486866,1.074010
cit-Patents,kadabra-julia,undirected,10,1,4,50.597799,48.171345,6.623712
cit-Patents,kadabra-julia,undirected,10,16,4,18.253537,17.954088,0.693637
cit-Patents,kadabra-julia,undirected,10,24,4,18.561253,18.444242,1.065684
cit-Patents,kadabra-julia,undirected,10,32,4,23.923396,23.718279,0.680856
cit-Patents,kadabra-julia,undirected,10,4,4,22.361318,21.594368,1.629682
cit-Patents,kadabra-julia,undirected,10,48,4,49.877109,50.011466,0.323337
cit-Patents,kadabra-julia,undirected,10,8,4,18.264455,17.940641,1.087621
cit-Patents,kadabra-julia,undirected,100,1,4,50.145516,48.397512,5.178519
cit-Patents,kadabra-julia,undirected,100,16,4,18.156172,17.936081,0.761392
cit-Patents,kadabra-julia,undirected,100,24,4,18.554352,18.566392,0.487430
cit-Patents,kadabra-julia,undirected,100,32,4,24.469598,24.331882,0.400269
cit-Patents,kadabra-julia,undirected,100,4,4,21.978136,21.601168,1.220746
cit-Patents,kadabra-julia,undirected,100,48,4,50.007810,50.078805,0.741596
cit-Patents,kadabra-julia,undirected,100,8,4,18.271828,17.893044,1.188382
com-lj,kadabra-cpp,undirected,0,1,4,40.156834,39.777529,1.235404
com-lj,kadabra-cpp,undirected,0,16,4,15.167163,15.068194,0.235478
com-lj,kadabra-cpp,undirected,0,24,4,19.789661,19.879996,0.277962
com-lj,kadabra-cpp,undirected,0,32,4,24.727541,24.715006,0.185686
com-lj,kadabra-cpp,undirected,0,4,4,13.161774,12.992571,0.462673
com-lj,kadabra-cpp,undirected,0,48,4,35.572775,35.588978,0.135256
com-lj,kadabra-cpp,undirected,0,8,4,11.786692,11.836128,0.302344
com-lj,kadabra-cpp,undirected,10,1,4,37.267683,36.581072,1.591881
com-lj,kadabra-cpp,undirected,10,16,4,14.940693,14.941664,0.123777
com-lj,kadabra-cpp,undirected,10,24,4,19.448743,19.397768,0.209002
com-lj,kadabra-cpp,undirected,10,32,4,24.284806,24.256993,0.115490
com-lj,kadabra-cpp,undirected,10,4,4,12.389535,12.239174,0.429626
com-lj,kadabra-cpp,undirected,10,48,4,35.334812,35.322905,0.082716
com-lj,kadabra-cpp,undirected,10,8,4,11.440286,11.460137,0.384510
com-lj,kadabra-cpp,undirected,100,1,4,37.316208,36.603450,1.569288
com-lj,kadabra-cpp,undirected,100,16,4,14.891358,14.900106,0.034952
com-lj,kadabra-cpp,undirected,100,24,4,19.556014,19.492115,0.242894
com-lj,kadabra-cpp,undirected,100,32,4,24.398015,24.367233,0.120554
com-lj,kadabra-cpp,undirected,100,4,4,12.428957,12.278898,0.508922
com-lj,kadabra-cpp,undirected,100,48,4,35.349568,35.334961,0.102533
com-lj,kadabra-cpp,undirected,100,8,4,11.510122,11.468224,0.354434
com-lj,kadabra-julia,undirected,0,1,4,70.041394,67.958180,4.489447
com-lj,kadabra-julia,undirected,0,16,4,18.924703,18.396021,1.324476
com-lj,kadabra-julia,undirected,0,24,4,21.023293,20.962213,0.845923
com-lj,kadabra-julia,undirected,0,32,4,23.976130,23.988734,0.803187
com-lj,kadabra-julia,undirected,0,4,4,30.728225,30.186163,3.140714
com-lj,kadabra-julia,undirected,0,48,4,28.811085,28.661690,0.839589
com-lj,kadabra-julia,undirected,0,8,4,21.216123,20.961245,1.108913
com-lj,kadabra-julia,undirected,10,1,4,45.478773,45.744323,4.728119
com-lj,kadabra-julia,undirected,10,16,4,15.974064,15.930460,0.759543
com-lj,kadabra-julia,undirected,10,24,4,18.730640,18.628420,0.460003
com-lj,kadabra-julia,undirected,10,32,4,20.970642,21.177396,1.129705
com-lj,kadabra-julia,undirected,10,4,4,22.174301,21.817221,1.601498
com-lj,kadabra-julia,undirected,10,48,4,28.620123,28.786633,0.559411
com-lj,kadabra-julia,undirected,10,8,4,16.325431,16.253286,0.691418
com-lj,kadabra-julia,undirected,100,1,4,44.985259,44.495035,5.520417
com-lj,kadabra-julia,undirected,100,16,4,15.795210,15.369734,0.955841
com-lj,kadabra-julia,undirected,100,24,4,19.057930,19.046695,0.456271
com-lj,kadabra-julia,undirected,100,32,4,20.013396,19.618170,0.836393
com-lj,kadabra-julia,undirected,100,4,4,22.172337,21.429853,2.114109
com-lj,kadabra-julia,undirected,100,48,4,28.339700,27.996838,0.868980
com-lj,kadabra-julia,undirected,100,8,4,15.989902,15.813762,0.595457
com-youtube,kadabra-cpp,undirected,0,1,4,8.230518,8.313333,0.321708
com-youtube,kadabra-cpp,undirected,0,16,4,2.813824,2.820605,0.075723
com-youtube,kadabra-cpp,undirected,0,24,4,3.779535,3.779460,0.079429
com-youtube,kadabra-cpp,undirected,0,32,4,4.897598,4.878487,0.066940
com-youtube,kadabra-cpp,undirected,0,4,4,2.318367,2.340277,0.071631
com-youtube,kadabra-cpp,undirected,0,48,4,7.469600,7.476250,0.021483
com-youtube,kadabra-cpp,undirected,0,8,4,1.967813,1.969513,0.027476
com-youtube,kadabra-cpp,undirected,10,1,4,6.187030,6.180721,0.369810
com-youtube,kadabra-cpp,undirected,10,16,4,2.568730,2.565459,0.072905
com-youtube,kadabra-cpp,undirected,10,24,4,3.438469,3.453907,0.109895
com-youtube,kadabra-cpp,undirected,10,32,4,4.676716,4.692997,0.099374
com-youtube,kadabra-cpp,undirected,10,4,4,1.859613,1.871946,0.079374
com-youtube,kadabra-cpp,undirected,10,48,4,7.188170,7.191018,0.028300
com-youtube,kadabra-cpp,undirected,10,8,4,1.733422,1.729494,0.023684
com-youtube,kadabra-cpp,undirected,100,1,4,6.171906,6.171239,0.349942
com-youtube,kadabra-cpp,undirected,100,16,4,2.603426,2.616494,0.080823
com-youtube,kadabra-cpp,undirected,100,24,4,3.497132,3.509724,0.052274
com-youtube,kadabra-cpp,undirected,100,32,4,4.677970,4.694950,0.090487
com-youtube,kadabra-cpp,undirected,100,4,4,1.865508,1.873245,0.072939
com-youtube,kadabra-cpp,undirected,100,48,4,7.235004,7.231014,0.046137
com-youtube,kadabra-cpp,undirected,100,8,4,1.727212,1.725945,0.039551
com-youtube,kadabra-julia,undirected,0,1,4,14.150095,13.882837,0.729843
com-youtube,kadabra-julia,undirected,0,16,4,3.770311,3.709651,0.182888
com-youtube,kadabra-julia,undirected,0,24,4,4.066219,4.036143,0.096810
com-youtube,kadabra-julia,undirected,0,32,4,4.809966,4.786592,0.097886
com-youtube,kadabra-julia,undirected,0,4,4,5.306084,5.266042,0.190323
com-youtube,kadabra-julia,undirected,0,48,4,5.953663,5.909338,0.143676
com-youtube,kadabra-julia,undirected,0,8,4,3.763956,3.765934,0.116565
com-youtube,kadabra-julia,undirected,10,1,4,7.918124,7.736096,0.669797
com-youtube,kadabra-julia,undirected,10,16,4,3.288830,3.261054,0.158076
com-youtube,kadabra-julia,undirected,10,24,4,3.910290,3.909380,0.100316
com-youtube,kadabra-julia,undirected,10,32,4,4.290618,4.326166,0.171480
com-youtube,kadabra-julia,undirected,10,4,4,3.979439,3.878869,0.219309
com-youtube,kadabra-julia,undirected,10,48,4,5.913226,5.917716,0.134428
com-youtube,kadabra-julia,undirected,10,8,4,3.226933,3.210189,0.076289
com-youtube,kadabra-julia,undirected,100,1,4,7.979505,7.885865,0.585889
com-youtube,kadabra-julia,undirected,100,16,4,3.352548,3.338048,0.115209
com-youtube,kadabra-julia,undirected,100,24,4,3.900792,3.901647,0.067835
com-youtube,kadabra-julia,undirected,100,32,4,4.326470,4.315434,0.176818
com-youtube,kadabra-julia,undirected,100,4,4,3.978140,3.994256,0.114973
com-youtube,kadabra-julia,undirected,100,48,4,5.846596,5.816106,0.079135
com-youtube,kadabra-julia,undirected,100,8,4,3.159500,3.161674,0.080847
dblp,kadabra-cpp,undirected,0,1,4,26.024581,26.160953,0.551196
dblp,kadabra-cpp,undirected,0,16,4,10.736471,10.715434,0.165483
dblp,kadabra-cpp,undirected,0,24,4,14.609434,14.595457,0.110816
dblp,kadabra-cpp,undirected,0,32,4,18.776418,18.741127,0.157292
dblp,kadabra-cpp,undirected,0,4,4,8.109573,8.102781,0.036749
dblp,kadabra-cpp,undirected,0,48,4,27.962001,28.003793,0.107230
dblp,kadabra-cpp,undirected,0,8,4,7.499674,7.519088,0.061484
dblp,kadabra-cpp,undirected,10,1,4,26.183889,26.231555,0.205118
dblp,kadabra-cpp,undirected,10,16,4,10.762772,10.781568,0.166812
dblp,kadabra-cpp,undirected,10,24,4,14.639945,14.622924,0.197931
dblp,kadabra-cpp,undirected,10,32,4,18.883105,18.899495,0.055589
dblp,kadabra-cpp,undirected,10,4,4,8.105442,8.085209,0.053564
dblp,kadabra-cpp,undirected,10,48,4,28.022925,28.042963,0.067584
dblp,kadabra-cpp,undirected,10,8,4,7.537893,7.515189,0.067753
dblp,kadabra-cpp,undirected,100,1,4,26.191207,26.229704,0.181250
dblp,kadabra-cpp,undirected,100,16,4,10.849520,10.824204,0.153687
dblp,kadabra-cpp,undirected,100,24,4,14.640626,14.642309,0.062617
dblp,kadabra-cpp,undirected,100,32,4,18.823360,18.902859,0.160120
dblp,kadabra-cpp,undirected,100,4,4,8.113594,8.110255,0.053862
dblp,kadabra-cpp,undirected,100,48,4,28.026806,28.067613,0.131704
dblp,kadabra-cpp,undirected,100,8,4,7.552745,7.555508,0.050912
dblp,kadabra-julia,undirected,0,1,4,27.314202,26.196583,2.493938
dblp,kadabra-julia,undirected,0,16,4,11.518812,11.555817,0.263057
dblp,kadabra-julia,undirected,0,24,4,11.843786,11.720267,0.401635
dblp,kadabra-julia,undirected,0,32,4,14.503663,14.369207,0.335705
dblp,kadabra-julia,undirected,0,4,4,13.915501,13.659805,0.925310
dblp,kadabra-julia,undirected,0,48,4,21.909169,21.816376,0.228888
dblp,kadabra-julia,undirected,0,8,4,11.131710,11.010068,0.825967
dblp,kadabra-julia,undirected,10,1,4,24.963201,23.830457,2.442546
dblp,kadabra-julia,undirected,10,16,4,11.188776,11.158952,0.303116
dblp,kadabra-julia,undirected,10,24,4,11.236191,11.227016,0.144742
dblp,kadabra-julia,undirected,10,32,4,14.501666,14.395361,0.472287
dblp,kadabra-julia,undirected,10,4,4,13.210380,12.639133,1.283560
dblp,kadabra-julia,undirected,10,48,4,21.998933,21.990527,0.106751
dblp,kadabra-julia,undirected,10,8,4,10.824634,10.422048,1.016539
dblp,kadabra-julia,undirected,100,1,4,24.887811,23.832269,2.417373
dblp,kadabra-julia,undirected,100,16,4,11.104314,11.057536,0.349257
dblp,kadabra-julia,undirected,100,24,4,11.310461,11.355243,0.196727
dblp,kadabra-julia,undirected,100,32,4,14.360625,14.347043,0.228860
dblp,kadabra-julia,undirected,100,4,4,14.108976,14.248527,1.024955
dblp,kadabra-julia,undirected,100,48,4,22.029177,21.951265,0.183709
dblp,kadabra-julia,undirected,100,8,4,10.588292,10.428058,0.346831
email-EuAll,kadabra-cpp,undirected,0,1,4,1.653452,1.690034,0.090721
email-EuAll,kadabra-cpp,undirected,0,16,4,0.495521,0.503737,0.022014
email-EuAll,kadabra-cpp,undirected,0,24,4,0.654947,0.655477,0.010613
email-EuAll,kadabra-cpp,undirected,0,32,4,0.845653,0.849655,0.014471
email-EuAll,kadabra-cpp,undirected,0,4,4,0.477635,0.487402,0.025370
email-EuAll,kadabra-cpp,undirected,0,48,4,1.270861,1.277330,0.025789
email-EuAll,kadabra-cpp,undirected,0,8,4,0.355533,0.359274,0.011714
email-EuAll,kadabra-cpp,undirected,10,1,4,1.657867,1.692825,0.094559
email-EuAll,kadabra-cpp,undirected,10,16,4,0.498345,0.498675,0.019327
email-EuAll,kadabra-cpp,undirected,10,24,4,0.650547,0.658703,0.026028
email-EuAll,kadabra-cpp,undirected,10,32,4,0.844387,0.845119,0.021613
email-EuAll,kadabra-cpp,undirected,10,4,4,0.472476,0.483423,0.025783
email-EuAll,kadabra-cpp,undirected,10,48,4,1.258575,1.266878,0.028141
email-EuAll,kadabra-cpp,undirected,10,8,4,0.353639,0.358239,0.011184
email-EuAll,kadabra-cpp,undirected,100,1,4,1.663659,1.711379,0.109603
email-EuAll,kadabra-cpp,undirected,100,16,4,0.496198,0.499563,0.019533
email-EuAll,kadabra-cpp,undirected,100,24,4,0.648229,0.645825,0.014136
email-EuAll,kadabra-cpp,undirected,100,32,4,0.849356,0.850579,0.015583
email-EuAll,kadabra-cpp,undirected,100,4,4,0.473958,0.485045,0.028195
email-EuAll,kadabra-cpp,undirected,100,48,4,1.259088,1.270036,0.032202
email-EuAll,kadabra-cpp,undirected,100,8,4,0.351791,0.351855,0.008579
email-EuAll,kadabra-julia,undirected,0,1,4,4.048742,4.054631,0.024743
email-EuAll,kadabra-julia,undirected,0,16,4,2.518176,2.504642,0.084157
email-EuAll,kadabra-julia,undirected,0,24,4,2.645266,2.645125,0.123569
email-EuAll,kadabra-julia,undirected,0,32,4,2.921836,2.917502,0.099467
email-EuAll,kadabra-julia,undirected,0,4,4,2.460569,2.447115,0.087866
email-EuAll,kadabra-julia,undirected,0,48,4,3.460966,3.453240,0.099880
email-EuAll,kadabra-julia,undirected,0,8,4,2.250837,2.236199,0.077925
email-EuAll,kadabra-julia,undirected,10,1,4,3.577179,3.548442,0.165159
email-EuAll,kadabra-julia,undirected,10,16,4,2.384236,2.385619,0.119215
email-EuAll,kadabra-julia,undirected,10,24,4,2.602140,2.586028,0.107152
email-EuAll,kadabra-julia,undirected,10,32,4,2.829810,2.821083,0.052749
email-EuAll,kadabra-julia,undirected,10,4,4,2.404164,2.409290,0.085231
email-EuAll,kadabra-julia,undirected,10,48,4,3.433817,3.423103,0.079562
email-EuAll,kadabra-julia,undirected,10,8,4,2.214222,2.210407,0.083242
email-EuAll,kadabra-julia,undirected,100,1,4,3.647847,3.605256,0.163192
email-EuAll,kadabra-julia,undirected,100,16,4,2.399005,2.407196,0.042693
email-EuAll,kadabra-julia,undirected,100,24,4,2.613118,2.609454,0.113713
email-EuAll,kadabra-julia,undirected,100,32,4,2.848309,2.843403,0.052683
email-EuAll,kadabra-julia,undirected,100,4,4,2.386644,2.392575,0.046383
email-EuAll,kadabra-julia,undirected,100,48,4,3.436877,3.432191,0.073807
email-EuAll,kadabra-julia,undirected,100,8,4,2.212948,2.204304,0.058344
p2p-Gnutella31,kadabra-cpp,undirected,0,1,4,0.288783,0.288611,0.007241
p2p-Gnutella31,kadabra-cpp,undirected,0,16,4,0.089416,0.092094,0.005869
p2p-Gnutella31,kadabra-cpp,undirected,0,24,4,0.110407,0.110035,0.002661
p2p-Gnutella31,kadabra-cpp,undirected,0,32,4,0.156101,0.155230,0.003326
p2p-Gnutella31,kadabra-cpp,undirected,0,4,4,0.097330,0.098496,0.002895
p2p-Gnutella31,kadabra-cpp,undirected,0,48,4,0.251552,0.251122,0.002861
p2p-Gnutella31,kadabra-cpp,undirected,0,8,4,0.082959,0.082442,0.002110
p2p-Gnutella31,kadabra-cpp,undirected,10,1,4,0.291898,0.292261,0.005119
p2p-Gnutella31,kadabra-cpp,undirected,10,16,4,0.092752,0.092634,0.004549
p2p-Gnutella31,kadabra-cpp,undirected,10,24,4,0.113698,0.113824,0.001649
p2p-Gnutella31,kadabra-cpp,undirected,10,32,4,0.153996,0.155256,0.003461
p2p-Gnutella31,kadabra-cpp,undirected,10,4,4,0.096851,0.097878,0.002492
p2p-Gnutella31,kadabra-cpp,undirected,10,48,4,0.253069,0.251573,0.003564
p2p-Gnutella31,kadabra-cpp,undirected,10,8,4,0.081454,0.080357,0.003350
p2p-Gnutella31,kadabra-cpp,undirected,100,1,4,0.290298,0.290426,0.006344
p2p-Gnutella31,kadabra-cpp,undirected,100,16,4,0.094719,0.094645,0.002903
p2p-Gnutella31,kadabra-cpp,undirected,100,24,4,0.116435,0.116883,0.003100
p2p-Gnutella31,kadabra-cpp,undirected,100,32,4,0.161036,0.160079,0.003113
p2p-Gnutella31,kadabra-cpp,undirected,100,4,4,0.098203,0.098969,0.002063
p2p-Gnutella31,kadabra-cpp,undirected,100,48,4,0.255283,0.254439,0.002295
p2p-Gnutella31,kadabra-cpp,undirected,100,8,4,0.081876,0.081639,0.002322
p2p-Gnutella31,kadabra-julia,undirected,0,1,4,1.275594,1.271366,0.117524
p2p-Gnutella31,kadabra-julia,undirected,0,16,4,1.129101,1.114364,0.114187
p2p-Gnutella31,kadabra-julia,undirected,0,24,4,1.138236,1.116192,0.056421
p2p-Gnutella31,kadabra-julia,undirected,0,32,4,1.168803,1.168517,0.064221
p2p-Gnutella31,kadabra-julia,undirected,0,4,4,1.163019,1.147076,0.092544
p2p-Gnutella31,kadabra-julia,undirected,0,48,4,1.209139,1.195775,0.090080
p2p-Gnutella31,kadabra-julia,undirected,0,8,4,1.139034,1.152806,0.079858
p2p-Gnutella31,kadabra-julia,undirected,10,1,4,1.215989,1.202556,0.102467
p2p-Gnutella31,kadabra-julia,undirected,10,16,4,1.119928,1.104453,0.071487
p2p-Gnutella31,kadabra-julia,undirected,10,24,4,1.120475,1.112252,0.081686
p2p-Gnutella31,kadabra-julia,undirected,10,32,4,1.186911,1.184027,0.066620
p2p-Gnutella31,kadabra-julia,undirected,10,4,4,1.164452,1.146165,0.114697
p2p-Gnutella31,kadabra-julia,undirected,10,48,4,1.209869,1.197163,0.077014
p2p-Gnutella31,kadabra-julia,undirected,10,8,4,1.151623,1.152882,0.019509
p2p-Gnutella31,kadabra-julia,undirected,100,1,4,1.212129,1.200287,0.098732
p2p-Gnutella31,kadabra-julia,undirected,100,16,4,1.099818,1.104346,0.059314
p2p-Gnutella31,kadabra-julia,undirected,100,24,4,1.120863,1.119464,0.064982
p2p-Gnutella31,kadabra-julia,undirected,100,32,4,1.189736,1.179486,0.062285
p2p-Gnutella31,kadabra-julia,undirected,100,4,4,1.163018,1.135757,0.088004
p2p-Gnutella31,kadabra-julia,undirected,100,48,4,1.196757,1.184669,0.067176
p2p-Gnutella31,kadabra-julia,undirected,100,8,4,1.133339,1.119557,0.133987
soc-Epinions1,kadabra-cpp,undirected,0,1,4,0.530739,0.530254,0.036888
soc-Epinions1,kadabra-cpp,undirected,0,16,4,0.168394,0.165467,0.008684
soc-Epinions1,kadabra-cpp,undirected,0,24,4,0.201815,0.199536,0.008481
soc-Epinions1,kadabra-cpp,undirected,0,32,4,0.281569,0.279968,0.008083
soc-Epinions1,kadabra-cpp,undirected,0,4,4,0.153135,0.152091,0.007836
soc-Epinions1,kadabra-cpp,undirected,0,48,4,0.439097,0.438206,0.006029
soc-Epinions1,kadabra-cpp,undirected,0,8,4,0.137480,0.137772,0.001537
soc-Epinions1,kadabra-cpp,undirected,10,1,4,0.505755,0.483701,0.048337
soc-Epinions1,kadabra-cpp,undirected,10,16,4,0.171191,0.172347,0.009811
soc-Epinions1,kadabra-cpp,undirected,10,24,4,0.208392,0.207663,0.005564
soc-Epinions1,kadabra-cpp,undirected,10,32,4,0.276086,0.276776,0.003676
soc-Epinions1,kadabra-cpp,undirected,10,4,4,0.146425,0.142277,0.012770
soc-Epinions1,kadabra-cpp,undirected,10,48,4,0.433821,0.434764,0.005893
soc-Epinions1,kadabra-cpp,undirected,10,8,4,0.129509,0.128942,0.008722
soc-Epinions1,kadabra-cpp,undirected,100,1,4,0.507642,0.484031,0.051112
soc-Epinions1,kadabra-cpp,undirected,100,16,4,0.162936,0.162870,0.002173
soc-Epinions1,kadabra-cpp,undirected,100,24,4,0.214562,0.217255,0.010783
soc-Epinions1,kadabra-cpp,undirected,100,32,4,0.281949,0.282425,0.006724
soc-Epinions1,kadabra-cpp,undirected,100,4,4,0.146638,0.142856,0.009254
soc-Epinions1,kadabra-cpp,undirected,100,48,4,0.436639,0.435245,0.003650
soc-Epinions1,kadabra-cpp,undirected,100,8,4,0.126542,0.127931,0.009184
soc-Epinions1,kadabra-julia,undirected,0,1,4,1.884558,1.879965,0.100728
soc-Epinions1,kadabra-julia,undirected,0,16,4,1.141301,1.138359,0.083184
soc-Epinions1,kadabra-julia,undirected,0,24,4,1.173309,1.151581,0.059100
soc-Epinions1,kadabra-julia,undirected,0,32,4,1.179244,1.195620,0.067874
soc-Epinions1,kadabra-julia,undirected,0,4,4,1.156713,1.163087,0.058778
soc-Epinions1,kadabra-julia,undirected,0,48,4,1.263452,1.264168,0.076527
soc-Epinions1,kadabra-julia,undirected,0,8,4,1.123280,1.119178,0.080070
soc-Epinions1,kadabra-julia,undirected,10,1,4,1.510914,1.547405,0.156566
soc-Epinions1,kadabra-julia,undirected,10,16,4,1.106068,1.089016,0.050520
soc-Epinions1,kadabra-julia,undirected,10,24,4,1.163316,1.172750,0.046858
soc-Epinions1,kadabra-julia,undirected,10,32,4,1.205532,1.193339,0.079470
soc-Epinions1,kadabra-julia,undirected,10,4,4,1.076375,1.072720,0.069663
soc-Epinions1,kadabra-julia,undirected,10,48,4,1.262442,1.244257,0.052315
soc-Epinions1,kadabra-julia,undirected,10,8,4,1.083181,1.079705,0.098143
soc-Epinions1,kadabra-julia,undirected,100,1,4,1.560731,1.541236,0.067184
soc-Epinions1,kadabra-julia,undirected,100,16,4,1.136301,1.116944,0.063322
soc-Epinions1,kadabra-julia,undirected,100,24,4,1.146192,1.123456,0.076179
soc-Epinions1,kadabra-julia,undirected,100,32,4,1.153784,1.136744,0.057190
soc-Epinions1,kadabra-julia,undirected,100,4,4,1.090383,1.095494,0.073007
soc-Epinions1,kadabra-julia,undirected,100,48,4,1.270802,1.243688,0.080585
soc-Epinions1,kadabra-julia,undirected,100,8,4,1.077034,1.061038,0.095431
soc-LiveJournal1,kadabra-cpp,undirected,0,1,4,59.327058,61.262298,4.704526
soc-LiveJournal1,kadabra-cpp,undirected,0,16,4,27.988167,28.173445,0.865453
soc-LiveJournal1,kadabra-cpp,undirected,0,24,4,37.882272,38.007723,0.473100
soc-LiveJournal1,kadabra-cpp,undirected,0,32,4,48.137712,48.310882,0.541293
soc-LiveJournal1,kadabra-cpp,undirected,0,4,4,19.694531,20.237326,1.236024
soc-LiveJournal1,kadabra-cpp,undirected,0,48,4,71.526798,71.765661,0.607137
soc-LiveJournal1,kadabra-cpp,undirected,0,8,4,19.262845,19.264736,0.817833
soc-LiveJournal1,kadabra-cpp,undirected,10,1,4,65.286461,67.461528,10.788998
soc-LiveJournal1,kadabra-cpp,undirected,10,16,4,28.723376,28.864466,1.379622
soc-LiveJournal1,kadabra-cpp,undirected,10,24,4,38.222468,38.428302,0.808787
soc-LiveJournal1,kadabra-cpp,undirected,10,32,4,49.151315,49.088357,1.163045
soc-LiveJournal1,kadabra-cpp,undirected,10,4,4,20.069472,20.592945,1.387876
soc-LiveJournal1,kadabra-cpp,undirected,10,48,4,72.047347,72.197844,0.969798
soc-LiveJournal1,kadabra-cpp,undirected,10,8,4,20.213870,20.228877,1.485776
soc-LiveJournal1,kadabra-cpp,undirected,100,1,4,64.574801,67.194598,11.580615
soc-LiveJournal1,kadabra-cpp,undirected,100,16,4,28.883376,28.980866,1.186371
soc-LiveJournal1,kadabra-cpp,undirected,100,24,4,38.559357,38.452409,1.067980
soc-LiveJournal1,kadabra-cpp,undirected,100,32,4,48.671010,48.842649,1.754892
soc-LiveJournal1,kadabra-cpp,undirected,100,4,4,20.102349,20.661663,1.547229
soc-LiveJournal1,kadabra-cpp,undirected,100,48,4,71.969977,72.201041,0.788901
soc-LiveJournal1,kadabra-cpp,undirected,100,8,4,20.530611,20.773727,1.488555
soc-LiveJournal1,kadabra-julia,undirected,0,1,4,111.801440,109.212661,6.953044
soc-LiveJournal1,kadabra-julia,undirected,0,16,4,37.422744,37.994094,1.990037
soc-LiveJournal1,kadabra-julia,undirected,0,24,4,39.237242,39.416621,1.284811
soc-LiveJournal1,kadabra-julia,undirected,0,32,4,44.296902,43.879951,1.089326
soc-LiveJournal1,kadabra-julia,undirected,0,4,4,47.031282,45.576950,3.242194
soc-LiveJournal1,kadabra-julia,undirected,0,48,4,50.868387,51.118983,0.775277
soc-LiveJournal1,kadabra-julia,undirected,0,8,4,36.547900,37.076109,1.558706
soc-LiveJournal1,kadabra-julia,undirected,10,1,4,104.614568,102.246266,7.100092
soc-LiveJournal1,kadabra-julia,undirected,10,16,4,36.540344,36.770521,1.792906
soc-LiveJournal1,kadabra-julia,undirected,10,24,4,38.085665,38.166283,0.854256
soc-LiveJournal1,kadabra-julia,undirected,10,32,4,40.404165,40.862237,1.014010
soc-LiveJournal1,kadabra-julia,undirected,10,4,4,45.902640,44.979853,2.323929
soc-LiveJournal1,kadabra-julia,undirected,10,48,4,48.762384,48.623740,2.058883
soc-LiveJournal1,kadabra-julia,undirected,10,8,4,35.507196,35.012286,1.087101
soc-LiveJournal1,kadabra-julia,undirected,100,1,4,106.441906,103.435194,8.116151
soc-LiveJournal1,kadabra-julia,undirected,100,16,4,35.334145,34.684882,1.860209
soc-LiveJournal1,kadabra-julia,undirected,100,24,4,37.986709,37.286100,1.587335
soc-LiveJournal1,kadabra-julia,undirected,100,32,4,41.378495,41.071295,0.713984
soc-LiveJournal1,kadabra-julia,undirected,100,4,4,45.091060,44.490852,2.768587
soc-LiveJournal1,kadabra-julia,undirected,100,48,4,49.848509,49.528949,2.246218
soc-LiveJournal1,kadabra-julia,undirected,100,8,4,36.216831,35.010665,2.677223
soc-Pokec,kadabra-cpp,undirected,0,1,4,33.357179,32.434524,2.393590
soc-Pokec,kadabra-cpp,undirected,0,16,4,10.097009,10.052299,0.168083
soc-Pokec,kadabra-cpp,undirected,0,24,4,12.852978,12.762131,0.237150
soc-Pokec,kadabra-cpp,undirected,0,32,4,15.939982,15.837936,0.228641
soc-Pokec,kadabra-cpp,undirected,0,4,4,9.995123,9.843332,0.421391
soc-Pokec,kadabra-cpp,undirected,0,48,4,22.680715,22.595521,0.357845
soc-Pokec,kadabra-cpp,undirected,0,8,4,8.097462,8.087499,0.244084
soc-Pokec,kadabra-cpp,undirected,10,1,4,26.914972,26.711125,1.560543
soc-Pokec,kadabra-cpp,undirected,10,16,4,9.442989,9.496424,0.146419
soc-Pokec,kadabra-cpp,undirected,10,24,4,12.283880,12.226251,0.242816
soc-Pokec,kadabra-cpp,undirected,10,32,4,15.484814,15.406985,0.220624
soc-Pokec,kadabra-cpp,undirected,10,4,4,8.465318,8.364165,0.428982
soc-Pokec,kadabra-cpp,undirected,10,48,4,22.018540,21.992781,0.159712
soc-Pokec,kadabra-cpp,undirected,10,8,4,7.320473,7.263970,0.282251
soc-Pokec,kadabra-cpp,undirected,100,1,4,26.870130,26.689590,1.534454
soc-Pokec,kadabra-cpp,undirected,100,16,4,9.534093,9.494593,0.138677
soc-Pokec,kadabra-cpp,undirected,100,24,4,12.262361,12.278879,0.156375
soc-Pokec,kadabra-cpp,undirected,100,32,4,15.425591,15.378184,0.230874
soc-Pokec,kadabra-cpp,undirected,100,4,4,8.454985,8.360984,0.463022
soc-Pokec,kadabra-cpp,undirected,100,48,4,21.998875,22.038938,0.298337
soc-Pokec,kadabra-cpp,undirected,100,8,4,7.299634,7.220323,0.200005
soc-Pokec,kadabra-julia,undirected,0,1,4,53.909202,50.443941,7.390493
soc-Pokec,kadabra-julia,undirected,0,16,4,13.456179,13.282400,0.515343
soc-Pokec,kadabra-julia,undirected,0,24,4,14.378852,14.367166,0.317573
soc-Pokec,kadabra-julia,undirected,0,32,4,16.689759,16.533626,0.413435
soc-Pokec,kadabra-julia,undirected,0,4,4,19.115175,18.640624,1.537513
soc-Pokec,kadabra-julia,undirected,0,48,4,21.044546,21.020784,0.166322
soc-Pokec,kadabra-julia,undirected,0,8,4,13.796691,13.476613,0.790736
soc-Pokec,kadabra-julia,undirected,10,1,4,36.768275,35.240661,4.391089
soc-Pokec,kadabra-julia,undirected,10,16,4,11.185395,11.038721,0.475874
soc-Pokec,kadabra-julia,undirected,10,24,4,13.672484,13.674295,0.308758
soc-Pokec,kadabra-julia,undirected,10,32,4,14.896059,14.836482,0.349095
soc-Pokec,kadabra-julia,undirected,10,4,4,14.950177,14.967832,0.834340
soc-Pokec,kadabra-julia,undirected,10,48,4,20.803094,20.899931,0.233252
soc-Pokec,kadabra-julia,undirected,10,8,4,11.628200,11.333073,0.678029
soc-Pokec,kadabra-julia,undirected,100,1,4,37.242614,35.684138,3.502135
soc-Pokec,kadabra-julia,undirected,100,16,4,11.089178,11.026384,0.329867
soc-Pokec,kadabra-julia,undirected,100,24,4,13.504923,13.479977,0.458359
soc-Pokec,kadabra-julia,undirected,100,32,4,14.920429,15.056896,0.346819
soc-Pokec,kadabra-julia,undirected,100,4,4,14.831695,14.738263,0.898655
soc-Pokec,kadabra-julia,undirected,100,48,4,20.468635,20.495424,0.472460
soc-Pokec,kadabra-julia,undirected,100,8,4,11.678584,11.294506,0.938849
soc-Slashdot0902,kadabra-cpp,undirected,0,1,4,0.607921,0.593702,0.032318
soc-Slashdot0902,kadabra-cpp,undirected,0,16,4,0.203165,0.204767,0.009323
soc-Slashdot0902,kadabra-cpp,undirected,0,24,4,0.251749,0.253193,0.019473
soc-Slashdot0902,kadabra-cpp,undirected,0,32,4,0.335710,0.343545,0.017572
soc-Slashdot0902,kadabra-cpp,undirected,0,4,4,0.177032,0.177232,0.006664
soc-Slashdot0902,kadabra-cpp,undirected,0,48,4,0.524971,0.525268,0.002640
soc-Slashdot0902,kadabra-cpp,undirected,0,8,4,0.158220,0.157007,0.003826
soc-Slashdot0902,kadabra-cpp,undirected,10,1,4,0.614264,0.599330,0.032180
soc-Slashdot0902,kadabra-cpp,undirected,10,16,4,0.193575,0.192256,0.016734
soc-Slashdot0902,kadabra-cpp,undirected,10,24,4,0.242647,0.247545,0.018110
soc-Slashdot0902,kadabra-cpp,undirected,10,32,4,0.337100,0.335258,0.010249
soc-Slashdot0902,kadabra-cpp,undirected,10,4,4,0.176838,0.174829,0.008190
soc-Slashdot0902,kadabra-cpp,undirected,10,48,4,0.524525,0.522914,0.004987
soc-Slashdot0902,kadabra-cpp,undirected,10,8,4,0.157368,0.156261,0.002398
soc-Slashdot0902,kadabra-cpp,undirected,100,1,4,0.614558,0.601667,0.031164
soc-Slashdot0902,kadabra-cpp,undirected,100,16,4,0.196628,0.195374,0.013958
soc-Slashdot0902,kadabra-cpp,undirected,100,24,4,0.251434,0.256801,0.018962
soc-Slashdot0902,kadabra-cpp,undirected,100,32,4,0.329053,0.328242,0.017613
soc-Slashdot0902,kadabra-cpp,undirected,100,4,4,0.178573,0.176811,0.006994
soc-Slashdot0902,kadabra-cpp,undirected,100,48,4,0.526687,0.524333,0.006653
soc-Slashdot0902,kadabra-cpp,undirected,100,8,4,0.158856,0.157721,0.003853
soc-Slashdot0902,kadabra-julia,undirected,0,1,4,1.847065,1.773371,0.196370
soc-Slashdot0902,kadabra-julia,undirected,0,16,4,1.139904,1.167936,0.088639
soc-Slashdot0902,kadabra-julia,undirected,0,24,4,1.170480,1.165904,0.066153
soc-Slashdot0902,kadabra-julia,undirected,0,32,4,1.250372,1.237854,0.063504
soc-Slashdot0902,kadabra-julia,undirected,0,4,4,1.238098,1.231479,0.037954
soc-Slashdot0902,kadabra-julia,undirected,0,48,4,1.344719,1.316690,0.089972
soc-Slashdot0902,kadabra-julia,undirected,0,8,4,1.164102,1.175987,0.084781
soc-Slashdot0902,kadabra-julia,undirected,10,1,4,1.709499,1.644100,0.155750
soc-Slashdot0902,kadabra-julia,undirected,10,16,4,1.159076,1.157537,0.070009
soc-Slashdot0902,kadabra-julia,undirected,10,24,4,1.188024,1.183790,0.051528
soc-Slashdot0902,kadabra-julia,undirected,10,32,4,1.271373,1.259331,0.063426
soc-Slashdot0902,kadabra-julia,undirected,10,4,4,1.265013,1.269539,0.085137
soc-Slashdot0902,kadabra-julia,undirected,10,48,4,1.351886,1.347332,0.089464
soc-Slashdot0902,kadabra-julia,undirected,10,8,4,1.125434,1.123850,0.072991
soc-Slashdot0902,kadabra-julia,undirected,100,1,4,1.719994,1.664792,0.157454
soc-Slashdot0902,kadabra-julia,undirected,100,16,4,1.153108,1.155803,0.058870
soc-Slashdot0902,kadabra-julia,undirected,100,24,4,1.179815,1.161493,0.077906
soc-Slashdot0902,kadabra-julia,undirected,100,32,4,1.258211,1.268547,0.099984
soc-Slashdot0902,kadabra-julia,undirected,100,4,4,1.245516,1.248303,0.067342
soc-Slashdot0902,kadabra-julia,undirected,100,48,4,1.360625,1.336939,0.090147
soc-Slashdot0902,kadabra-julia,undirected,100,8,4,1.102918,1.100580,0.082375
web-Google,kadabra-cpp,undirected,0,1,4,21.342761,21.463242,0.594378
web-Google,kadabra-cpp,undirected,0,16,4,4.091689,4.084180,0.087062
web-Google,kadabra-cpp,undirected,0,24,4,4.951752,4.941599,0.101782
web-Google,kadabra-cpp,undirected,0,32,4,6.003374,6.018898,0.041234
web-Google,kadabra-cpp,undirected,0,4,4,5.994668,5.998517,0.068310
web-Google,kadabra-cpp,undirected,0,48,4,8.426473,8.429175,0.048537
web-Google,kadabra-cpp,undirected,0,8,4,4.013126,4.016340,0.038752
web-Google,kadabra-cpp,undirected,10,1,4,21.791785,21.815598,0.391302
web-Google,kadabra-cpp,undirected,10,16,4,4.140230,4.143415,0.015915
web-Google,kadabra-cpp,undirected,10,24,4,4.961867,4.975691,0.043680
web-Google,kadabra-cpp,undirected,10,32,4,5.974142,5.977816,0.058388
web-Google,kadabra-cpp,undirected,10,4,4,5.975367,5.953705,0.055601
web-Google,kadabra-cpp,undirected,10,48,4,8.420774,8.410652,0.060369
web-Google,kadabra-cpp,undirected,10,8,4,4.013346,4.010401,0.027189
web-Google,kadabra-cpp,undirected,100,1,4,21.845982,21.882072,0.431517
web-Google,kadabra-cpp,undirected,100,16,4,4.121621,4.127324,0.056171
web-Google,kadabra-cpp,undirected,100,24,4,5.017902,5.007700,0.064921
web-Google,kadabra-cpp,undirected,100,32,4,5.918994,5.911810,0.078113
web-Google,kadabra-cpp,undirected,100,4,4,5.969543,5.948997,0.052149
web-Google,kadabra-cpp,undirected,100,48,4,8.451999,8.436473,0.054045
web-Google,kadabra-cpp,undirected,100,8,4,4.028376,4.034083,0.027648
web-Google,kadabra-julia,undirected,0,1,4,36.003352,34.673234,3.298472
web-Google,kadabra-julia,undirected,0,16,4,14.556959,14.448194,0.292281
web-Google,kadabra-julia,undirected,0,24,4,15.115742,15.032696,0.291922
web-Google,kadabra-julia,undirected,0,32,4,16.124747,16.090491,0.204355
web-Google,kadabra-julia,undirected,0,4,4,17.940004,17.469106,1.082849
web-Google,kadabra-julia,undirected,0,48,4,19.190043,19.184487,0.151709
web-Google,kadabra-julia,undirected,0,8,4,14.982244,14.647424,0.682420
web-Google,kadabra-julia,undirected,10,1,4,35.948769,35.750419,3.501165
web-Google,kadabra-julia,undirected,10,16,4,14.346832,14.174500,0.597661
web-Google,kadabra-julia,undirected,10,24,4,14.814182,14.748114,0.315367
web-Google,kadabra-julia,undirected,10,32,4,16.100174,16.101261,0.112765
web-Google,kadabra-julia,undirected,10,4,4,17.621886,17.375824,0.609949
web-Google,kadabra-julia,undirected,10,48,4,18.972658,18.920309,0.146115
web-Google,kadabra-julia,undirected,10,8,4,14.773686,14.579057,0.494834
web-Google,kadabra-julia,undirected,100,1,4,36.072618,35.770409,3.683811
web-Google,kadabra-julia,undirected,100,16,4,14.212744,14.327665,0.697056
web-Google,kadabra-julia,undirected,100,24,4,14.831369,14.794470,0.263053
web-Google,kadabra-julia,undirected,100,32,4,16.060525,16.039065,0.533001
web-Google,kadabra-julia,undirected,100,4,4,17.551813,17.287150,0.572384
web-Google,kadabra-julia,undirected,100,48,4,18.999374,19.007354,0.041898
web-Google,kadabra-julia,undirected,100,8,4,14.562881,14.406454,0.714851
wiki-Talk,kadabra-cpp,undirected,0,1,4,23.986004,23.663393,1.418410
wiki-Talk,kadabra-cpp,undirected,0,16,4,6.581540,6.533200,0.112369
wiki-Talk,kadabra-cpp,undirected,0,24,4,8.218860,8.212663,0.124795
wiki-Talk,kadabra-cpp,undirected,0,32,4,10.214543,10.180865,0.095820
wiki-Talk,kadabra-cpp,undirected,0,4,4,7.950604,7.984646,0.317792
wiki-Talk,kadabra-cpp,undirected,0,48,4,14.372412,14.383518,0.049131
wiki-Talk,kadabra-cpp,undirected,0,8,4,5.989196,6.003578,0.067226
wiki-Talk,kadabra-cpp,undirected,10,1,4,32.590980,33.938582,7.243159
wiki-Talk,kadabra-cpp,undirected,10,16,4,7.798272,8.104918,0.740058
wiki-Talk,kadabra-cpp,undirected,10,24,4,9.469782,9.708103,0.667224
wiki-Talk,kadabra-cpp,undirected,10,32,4,11.451544,11.701960,0.729100
wiki-Talk,kadabra-cpp,undirected,10,4,4,9.295702,9.344825,1.843118
wiki-Talk,kadabra-cpp,undirected,10,48,4,15.534253,15.892345,0.763910
wiki-Talk,kadabra-cpp,undirected,10,8,4,7.147706,7.488957,0.812039
wiki-Talk,kadabra-cpp,undirected,100,1,4,32.018053,33.364127,6.788217
wiki-Talk,kadabra-cpp,undirected,100,16,4,7.799605,8.111945,0.779406
wiki-Talk,kadabra-cpp,undirected,100,24,4,9.611231,10.002778,0.798407
wiki-Talk,kadabra-cpp,undirected,100,32,4,11.467608,11.822161,0.739688
wiki-Talk,kadabra-cpp,undirected,100,4,4,9.243557,9.240702,1.883708
wiki-Talk,kadabra-cpp,undirected,100,48,4,15.546396,15.896836,0.744084
wiki-Talk,kadabra-cpp,undirected,100,8,4,7.115511,7.423810,0.823726
wiki-Talk,kadabra-julia,undirected,0,1,4,44.302086,42.291463,4.257409
wiki-Talk,kadabra-julia,undirected,0,16,4,18.084354,18.000243,0.440944
wiki-Talk,kadabra-julia,undirected,0,24,4,19.673566,19.660536,0.185681
wiki-Talk,kadabra-julia,undirected,0,32,4,21.959762,21.912791,0.244049
wiki-Talk,kadabra-julia,undirected,0,4,4,20.623916,20.220494,0.950229
wiki-Talk,kadabra-julia,undirected,0,48,4,25.986022,25.972709,0.115070
wiki-Talk,kadabra-julia,undirected,0,8,4,17.354581,16.989996,0.811916
wiki-Talk,kadabra-julia,undirected,10,1,4,41.081102,39.047738,4.381888
wiki-Talk,kadabra-julia,undirected,10,16,4,17.957443,17.851496,0.295189
wiki-Talk,kadabra-julia,undirected,10,24,4,19.253147,19.337416,0.303320
wiki-Talk,kadabra-julia,undirected,10,32,4,22.096655,22.025358,0.387955
wiki-Talk,kadabra-julia,undirected,10,4,4,20.223628,19.731609,1.249421
wiki-Talk,kadabra-julia,undirected,10,48,4,25.906359,25.907998,0.062966
wiki-Talk,kadabra-julia,undirected,10,8,4,16.948071,16.701823,0.604311
wiki-Talk,kadabra-julia,undirected,100,1,4,41.278371,39.366413,4.095700
wiki-Talk,kadabra-julia,undirected,100,16,4,17.935823,17.726174,0.476239
wiki-Talk,kadabra-julia,undirected,100,24,4,19.633065,19.588179,0.263459
wiki-Talk,kadabra-julia,undirected,100,32,4,21.819115,21.832325,0.216605
wiki-Talk,kadabra-julia,undirected,100,4,4,20.272174,19.706632,1.196824
wiki-Talk,kadabra-julia,undirected,100,48,4,26.030110,26.043148,0.224954
wiki-Talk,kadabra-julia,undirected,100,8,4,17.044846,16.709382,0.840369
wiki-topcats,kadabra-cpp,undirected,0,1,4,66.081236,66.044570,3.924487
wiki-topcats,kadabra-cpp,undirected,0,16,4,19.549393,19.483041,0.426066
wiki-topcats,kadabra-cpp,undirected,0,24,4,24.161946,24.123097,0.356209
wiki-topcats,kadabra-cpp,undirected,0,32,4,29.001595,29.053355,0.227092
wiki-topcats,kadabra-cpp,undirected,0,4,4,20.925036,21.007348,0.352861
wiki-topcats,kadabra-cpp,undirected,0,48,4,40.201007,40.224138,0.297273
wiki-topcats,kadabra-cpp,undirected,0,8,4,16.802720,16.903057,0.579565
wiki-topcats,kadabra-cpp,undirected,10,1,4,61.362586,62.006785,3.210308
wiki-topcats,kadabra-cpp,undirected,10,16,4,19.002208,19.053507,0.629480
wiki-topcats,kadabra-cpp,undirected,10,24,4,23.443044,23.531240,0.403033
wiki-topcats,kadabra-cpp,undirected,10,32,4,28.177632,28.076043,0.675457
wiki-topcats,kadabra-cpp,undirected,10,4,4,19.669844,20.182098,2.014616
wiki-topcats,kadabra-cpp,undirected,10,48,4,39.276807,39.402544,0.731941
wiki-topcats,kadabra-cpp,undirected,10,8,4,15.961835,16.187777,1.000553
wiki-topcats,kadabra-cpp,undirected,100,1,4,61.345868,61.902474,3.168883
wiki-topcats,kadabra-cpp,undirected,100,16,4,19.057867,19.065520,0.589266
wiki-topcats,kadabra-cpp,undirected,100,24,4,23.421084,23.289640,0.488403
wiki-topcats,kadabra-cpp,undirected,100,32,4,27.987831,27.941581,0.583993
wiki-topcats,kadabra-cpp,undirected,100,4,4,20.079856,20.154797,2.565129
wiki-topcats,kadabra-cpp,undirected,100,48,4,39.284930,39.380312,0.618824
wiki-topcats,kadabra-cpp,undirected,100,8,4,16.133857,16.244810,0.791968
wiki-topcats,kadabra-julia,undirected,0,1,4,110.464265,107.266050,7.033845
wiki-topcats,kadabra-julia,undirected,0,16,4,29.824048,29.665647,0.431674
wiki-topcats,kadabra-julia,undirected,0,24,4,33.649669,33.533199,0.338203
wiki-topcats,kadabra-julia,undirected,0,32,4,39.793558,39.773076,0.553195
wiki-topcats,kadabra-julia,undirected,0,4,4,40.156681,39.299965,2.571594
wiki-topcats,kadabra-julia,undirected,0,48,4,49.191724,49.122365,0.255762
wiki-topcats,kadabra-julia,undirected,0,8,4,28.881495,28.739707,0.964453
wiki-topcats,kadabra-julia,undirected,10,1,4,89.427571,87.748283,7.094827
wiki-topcats,kadabra-julia,undirected,10,16,4,27.079858,26.634740,1.510739
wiki-topcats,kadabra-julia,undirected,10,24,4,32.865364,32.898118,0.599495
wiki-topcats,kadabra-julia,undirected,10,32,4,39.256791,39.533448,0.750207
wiki-topcats,kadabra-julia,undirected,10,4,4,33.571115,32.825873,1.909335
wiki-topcats,kadabra-julia,undirected,10,48,4,48.966508,49.060710,0.234029
wiki-topcats,kadabra-julia,undirected,10,8,4,25.510496,25.632092,1.240602
wiki-topcats,kadabra-julia,undirected,100,1,4,89.498874,86.773781,6.293465
wiki-topcats,kadabra-julia,undirected,100,16,4,29.026244,28.834007,0.844460
wiki-topcats,kadabra-julia,undirected,100,24,4,33.434680,33.342314,0.659940
wiki-topcats,kadabra-julia,undirected,100,32,4,37.766843,38.092696,1.175923
wiki-topcats,kadabra-julia,undirected,100,4,4,34.981468,34.215914,2.662287
wiki-topcats,kadabra-julia,undirected,100,48,4,48.699547,48.733618,0.424593
wiki-topcats,kadabra-julia,undirected,100,8,4,25.373215,25.125968,1.515890
